file,style,soup,clarity,color,noodle,note
aburasoba_1.jpg,aburasoba,no,none,none,thick,
aburasoba_2.jpg,aburasoba,no,none,none,thick,바닥에 소스만 약간
aburasoba_3.jpg,aburasoba,no,none,none,unknown,면이 토핑에 가려짐
donkotsu_1.jpg,donkotsu,yes,cloudy,light_brown,unknown,
ieke_1.jpg,ieke,yes,cloudy,light_brown,thick,
ieke_2.jpg,ieke,yes,cloudy,light_brown,thick,
karai_1.jpg,karai,yes,cloudy,red_orange,thin,
miso_1.jpg,miso,yes,cloudy,light_brown,unknown,
shio_1.jpg,shio,yes,clear,pale_gold,thin,
shio_2.jpg,shio,yes,cloudy,pale_gold,thin,확인 필요: 노랗고 약간 탁해 보임 (닭 육수?)
shio_3.jpg,shio,yes,clear,pale_gold,thin,
shio_4.jpg,shio,yes,clear,dark_brown,thin,확인 필요: 시오인데 국물이 호박색/갈색으로 보임 (조개 육수?)
shio_5.jpg,shio,yes,clear,pale_gold,thin,
shio_6.jpg,shio,yes,clear,pale_gold,thin,
shio_7.jpg,shio,yes,clear,pale_gold,thin,
shoyu_1.jpg,shoyu,yes,clear,dark_brown,medium,
shoyu_2.jpg,shoyu,yes,clear,dark_brown,unknown,
shoyu_3.jpg,shoyu,yes,clear,dark_brown,thin,
shoyu_4.jpg,shoyu,yes,clear,dark_brown,thin,
shoyupaitan_1.jpg,shoyupaitan,yes,cloudy,light_brown,unknown,
shoyupaitan_2.jpg,shoyupaitan,yes,cloudy,light_brown,unknown,확인 필요: 금색에 가까움
toripaitan_1.jpg,toripaitan,yes,cloudy,creamy_white,unknown,
toripaitan_2.jpg,toripaitan,yes,cloudy,creamy_white,unknown,
